timestamp,open,high,low,close,volume,quote_volume,trades,close_time
1704844800000,244.64,260.00,232.89,254.56,858269.305,210080849.61325,741207,1704931199999
1704931200000,254.56,289.49,250.33,276.22,1845322.494,500700830.84855,1287039,1705017599999
1705017600000,276.21,298.60,250.10,259.15,2338403.564,655857081.41077,1545545,1705103999999
1705104000000,259.16,262.13,250.50,253.93,680842.473,174355596.13382,515346,1705190399999
1705190400000,253.93,258.89,244.68,245.63,652527.453,165385585.94915,496861,1705276799999
1705276800000,245.61,257.68,245.12,250.03,549397.020,138581765.98508,438555,1705363199999
1705363200000,250.03,256.18,248.82,250.99,589294.750,148952073.78947,434489,1705449599999
1705449600000,250.99,251.35,240.61,244.18,476362.747,117078325.59426,380181,1705535999999
1705536000000,244.18,245.12,233.00,237.63,525129.150,125520311.00749,416457,1705622399999
1705622400000,237.63,238.17,226.20,236.62,566881.928,132407446.79091,428079,1705708799999
1705708800000,236.63,239.84,234.86,238.95,260128.622,61666678.48415,211829,1705795199999
1705795200000,238.95,243.00,236.42,236.89,316166.018,75916030.70254,241569,1705881599999
1705881600000,236.89,242.65,230.13,235.45,851257.052,199961680.84468,596582,1705967999999
1705968000000,235.44,237.84,218.80,229.37,912971.232,207622394.99401,589204,1706054399999
1706054400000,229.38,238.18,228.22,236.12,513697.330,120342576.00660,362927,1706140799999
1706140800000,236.12,238.68,234.12,236.50,416454.995,98387668.16660,299005,1706227199999
1706227200000,236.50,242.82,234.39,241.70,327811.184,78302766.60511,241348,1706313599999
1706313600000,241.70,245.21,239.09,243.56,362913.392,88044817.86036,242517,1706399999999
1706400000000,243.56,245.79,234.64,236.70,364335.252,87515573.26422,257785,1706486399999
1706486400000,236.71,241.82,233.90,241.18,308115.871,73199333.37248,242843,1706572799999
1706572800000,241.19,243.72,236.22,237.32,321552.353,77564900.54025,259325,1706659199999
1706659200000,237.33,238.90,231.90,234.15,438557.303,103379086.18434,321969,1706745599999
1706745600000,234.16,237.24,230.27,236.57,342422.539,80273255.47341,242298,1706831999999
1706832000000,236.57,237.89,234.12,236.18,229250.732,54169825.54864,168355,1706918399999
1706918400000,236.19,242.00,235.97,240.70,369948.248,88598242.76060,241170,1707004799999
1707004800000,240.71,244.00,232.30,235.04,545731.129,130637536.01658,362524,1707091199999
1707091200000,235.03,237.88,233.64,235.56,268830.468,63382334.27603,196331,1707177599999
1707177600000,235.56,238.20,234.08,235.08,282329.632,66546650.45811,199606,1707263999999
1707264000000,235.08,240.88,234.37,240.55,246434.645,58331108.15176,167481,1707350399999
1707350400000,240.55,244.87,240.12,244.47,324865.804,78821011.92808,218002,1707436799999
1707436800000,244.47,253.99,244.46,250.13,469366.984,117041685.66390,292188,1707523199999
1707523200000,250.13,251.57,242.93,247.56,279738.639,69067949.51014,192036,1707609599999
1707609600000,247.57,283.67,246.50,277.62,2464641.731,669341254.34505,1490987,1707695999999
1707696000000,277.62,289.57,266.70,280.44,2110687.768,587505171.87124,1259638,1707782399999
1707782400000,280.46,287.90,266.20,270.35,1143984.846,315585235.40361,707190,1707868799999
1707868800000,270.35,296.00,264.35,280.66,1461256.128,408286498.64394,879741,1707955199999
1707955200000,280.65,282.55,265.56,270.37,957177.342,260562734.01586,657347,1708041599999
1708041600000,270.37,275.60,265.11,274.41,960390.110,260674478.31535,572823,1708127999999
1708128000000,274.41,274.46,257.94,267.08,621018.613,165250997.02191,409311,1708214399999
1708214400000,267.08,272.00,264.59,270.51,336192.742,90135964.73786,266866,1708300799999
1708300800000,270.50,273.87,266.62,273.22,417480.058,112706205.24530,323469,1708387199999
1708387200000,273.22,274.46,249.90,265.30,845227.034,225079644.49322,595298,1708473599999
1708473600000,265.29,266.91,254.98,263.15,562828.623,146804683.29479,416915,1708559999999
1708560000000,263.14,266.31,259.04,260.43,424171.763,111397989.25318,318749,1708646399999
1708646400000,260.43,267.31,259.32,264.87,470230.709,123848413.27147,350620,1708732799999
1708732800000,264.87,270.97,263.02,267.95,326114.745,87212044.30808,248721,1708819199999
1708819200000,267.92,271.20,265.70,268.17,309326.752,83015645.21664,244258,1708905599999
1708905600000,268.16,277.16,262.23,274.98,604718.385,163227030.69629,404451,1708991999999
1708992000000,274.99,315.47,274.71,293.09,2180147.813,653300317.45482,1492058,1709078399999
1709078400000,293.10,314.57,276.60,296.58,1828942.027,547433471.52516,1264020,1709164799999
1709164800000,296.58,324.11,290.99,298.00,1614083.655,501786604.08820,1195765,1709251199999
1709251200000,298.00,320.52,297.17,316.65,929670.934,290590535.43029,699091,1709337599999
1709337600000,316.69,506.59,315.78,502.00,6431987.497,2716162912.84896,4857421,1709423999999
1709424000000,501.99,529.51,455.00,470.87,4090792.765,1999457082.29426,3263025,1709510399999
1709510400000,470.87,479.87,432.00,473.62,2467761.798,1128945715.61291,2381430,1709596799999
1709596800000,473.60,482.56,333.00,400.89,2398268.160,1021141095.11835,2671414,1709683199999
1709683200000,400.92,422.78,382.46,416.04,1200232.842,485695832.27980,1327384,1709769599999
1709769600000,416.05,439.72,398.02,432.18,1064138.624,445317103.67706,1242863,1709855999999
1709856000000,432.19,446.63,417.55,436.66,872248.774,378160516.43584,1124976,1709942399999
1709942400000,436.76,458.24,423.36,431.86,748058.175,327267542.47811,858626,1710028799999
1710028800000,431.86,446.00,410.57,422.90,713824.116,307854048.81942,862066,1710115199999
1710115200000,422.90,456.92,401.00,448.58,1083896.898,472069359.40853,1239732,1710201599999
1710201600000,448.59,448.69,408.47,434.19,879134.423,375949452.76391,1067569,1710287999999
1710288000000,434.20,455.30,423.65,442.23,741963.324,325652262.46230,875923,1710374399999
1710374400000,442.23,476.22,415.00,440.60,1439388.914,641791059.85510,1552979,1710460799999
1710460800000,440.61,445.20,381.85,416.52,1081521.691,443635223.94616,1410535,1710547199999
1710547200000,416.52,421.10,381.68,388.69,750843.264,300697143.22792,945439,1710633599999
1710633600000,388.70,407.89,368.82,402.62,628250.475,247496462.28834,781151,1710719999999
1710720000000,402.62,411.45,383.19,401.04,677942.632,268628852.10222,850181,1710806399999
1710806400000,401.06,412.16,350.00,358.65,1260878.575,471338432.43832,1479972,1710892799999
1710892800000,358.66,412.35,347.65,409.89,1086532.371,408291934.26569,1257461,1710979199999
1710979200000,409.88,435.84,403.85,414.46,975239.780,410519414.55148,1178203,1711065599999
1711065600000,414.45,433.55,390.84,431.36,1011129.525,414566299.18286,1169801,1711151999999
1711152000000,431.36,476.76,419.73,456.30,1647542.254,746688443.39675,1753265,1711238399999
1711238400000,456.31,501.62,444.84,485.46,1776049.241,835168790.69688,1730539,1711324799999
1711324800000,485.47,510.15,472.76,487.76,1563010.105,766672509.74646,1736264,1711411199999
1711411200000,487.76,495.99,468.02,479.72,929469.875,448859167.40845,1116822,1711497599999
1711497600000,479.72,554.85,478.64,539.46,2118430.622,1093051585.45813,2415808,1711583999999
1711584000000,539.46,587.70,528.00,568.22,1730843.676,969273281.48236,2206106,1711670399999
1711670400000,568.22,641.64,553.00,621.24,2047394.751,1231926531.56509,2576764,1711756799999
1711756800000,621.24,624.98,591.20,598.16,822627.835,497968913.65051,1228390,1711843199999
1711843200000,598.16,693.90,588.14,679.58,1246220.625,794134258.59708,1770864,1711929599999
1711929600000,679.59,703.27,617.79,648.33,2112241.797,1407657699.37324,2821236,1712015999999
1712016000000,648.33,651.00,587.43,639.75,1769138.313,1096710335.62828,2511505,1712102399999
1712102400000,639.75,644.85,562.23,593.08,1604920.108,966012359.13463,2155242,1712188799999
1712188800000,593.07,685.05,591.44,666.07,2542126.449,1635302327.82886,3284743,1712275199999
1712275200000,666.07,720.00,645.01,657.87,2447238.330,1664550259.03369,3760710,1712361599999
1712361600000,657.85,717.77,657.13,694.35,1769849.895,1232109747.32862,2722399,1712447999999
1712448000000,694.34,710.00,675.00,685.14,861644.295,591796715.77673,1528452,1712534399999
1712534400000,685.14,713.94,676.74,681.65,1091322.030,757732705.79835,1902714,1712620799999
1712620800000,681.62,695.98,655.87,672.02,1172925.609,796222711.16511,1895665,1712707199999
1712707200000,672.01,674.24,595.00,628.75,1586223.322,988790142.52857,2340528,1712793599999
1712793600000,628.76,628.91,599.31,613.79,621347.683,380666796.51321,1181272,1712879999999
1712880000000,613.72,618.56,485.00,532.69,1415468.814,786936035.47172,1922058,1712966399999
1712966400000,532.70,551.33,442.13,479.26,1854360.465,929348674.65664,2648020,1713052799999
1713052800000,479.27,529.51,452.93,525.00,1256392.558,609330995.90328,2050365,1713139199999
1713139200000,525.00,567.87,490.41,507.52,1220890.194,643840524.58281,2049782,1713225599999
1713225600000,507.52,509.94,463.31,486.07,1097301.474,529548565.46858,1803030,1713311999999
1713312000000,486.09,489.89,446.46,463.33,887697.989,413743007.81396,1478306,1713398399999
1713398400000,463.34,488.30,452.79,482.55,760927.458,362119537.48336,1394403,1713484799999
1713484800000,482.54,491.65,444.00,476.29,917232.416,433687166.76234,1525478,1713571199999
1713571200000,476.28,521.99,470.11,514.90,695173.005,342519699.39708,1115893,1713657599999
1713657600000,514.90,517.88,492.91,501.69,514104.024,260736119.98070,900604,1713743999999
1713744000000,501.70,527.65,495.68,522.38,517631.190,264277529.04322,924085,1713830399999
1713830400000,522.37,523.28,501.17,504.65,424408.858,216524844.01562,719524,1713916799999
1713916800000,504.66,511.30,473.29,478.86,591425.296,291065112.12328,878079,1714003199999
1714003200000,478.87,485.75,466.63,477.75,534935.154,255201970.02796,894215,1714089599999
1714089600000,477.75,493.10,466.27,482.32,423921.681,203368896.42380,658001,1714175999999
1714176000000,482.32,486.40,463.03,476.68,436344.829,206769240.95158,663170,1714262399999
1714262400000,476.68,487.95,467.55,470.31,263685.536,126369899.70321,439896,1714348799999
1714348800000,470.31,474.15,446.60,464.73,494779.342,227156708.69663,781461,1714435199999
1714435200000,464.73,469.99,420.00,433.58,725565.455,320472774.94794,1073768,1714521599999
1714521600000,433.58,435.58,399.27,424.24,749360.934,310458403.85849,1178307,1714607999999
1714608000000,424.25,434.39,410.47,428.76,422865.103,178773800.20721,708016,1714694399999
1714694400000,428.75,458.00,425.29,452.18,511623.667,226271692.06003,722129,1714780799999
1714780800000,452.23,480.15,451.41,462.67,471300.181,219702056.07475,693288,1714867199999
1714867200000,462.69,472.46,455.08,468.59,305612.510,141690160.98787,519274,1714953599999
1714953600000,468.59,483.88,462.48,472.81,492131.825,232893468.20451,779397,1715039999999
1715040000000,472.81,493.76,465.71,470.57,578136.326,276962158.84763,894579,1715126399999
1715126400000,470.56,473.40,444.27,447.81,495223.101,226755574.81139,812811,1715212799999
1715212800000,447.81,458.45,441.27,454.39,339441.424,152519666.51038,621201,1715299199999
1715299200000,454.40,456.67,420.78,426.21,492664.983,215483073.55847,720883,1715385599999
1715385600000,426.22,434.28,424.87,429.31,258040.803,110925958.45579,482277,1715471999999
1715472000000,429.30,438.33,426.96,432.67,187516.332,81159908.94985,333347,1715558399999
1715558400000,432.66,447.75,421.15,437.28,394994.230,172440238.66323,603050,1715644799999
1715644800000,437.29,439.22,425.68,428.67,311375.418,134965633.41291,515339,1715731199999
1715731200000,428.67,467.01,423.31,463.46,612838.316,272088236.52338,758290,1715817599999
1715817600000,463.46,465.67,441.79,444.45,303960.443,137145892.82497,478184,1715903999999
1715904000000,444.46,478.41,441.81,466.25,582682.354,270931501.59409,661403,1715990399999
1715990400000,466.24,491.67,464.02,474.93,446870.778,214514249.51660,609966,1716076799999
1716076800000,474.94,497.00,472.74,484.53,556559.416,271270117.07411,822845,1716163199999
1716163200000,484.53,518.65,475.50,517.73,850869.144,419916585.65357,1158867,1716249599999
1716249600000,517.73,529.95,507.57,514.53,641017.654,333027511.24104,1028541,1716335999999
1716336000000,514.54,515.52,493.65,498.37,385005.808,193989901.85865,706772,1716422399999
1716422400000,498.38,516.24,470.70,490.80,579090.680,287328013.46814,975078,1716508799999
1716508800000,490.79,499.92,479.09,494.49,331891.658,162751128.44670,645669,1716595199999
1716595200000,494.50,501.53,490.30,493.23,201955.206,99879639.02438,378282,1716681599999
1716681600000,493.22,494.12,480.14,483.80,215823.052,105323850.99464,433405,1716767999999
1716768000000,483.80,503.49,481.01,489.36,249915.855,122930663.08082,436597,1716854399999
1716854400000,489.36,489.36,460.51,469.90,491742.816,230831212.60785,723771,1716940799999
1716940800000,469.91,474.98,462.36,465.53,272837.970,127872173.17769,462557,1717027199999
1717027200000,465.53,474.81,459.00,464.83,280107.471,130753826.31684,449488,1717113599999
1717113600000,464.82,469.00,447.00,454.56,280337.309,128743921.81255,426990,1717199999999
1717200000000,454.57,466.61,454.05,463.27,138258.764,63585265.03738,232048,1717286399999
1717286400000,463.27,464.98,452.66,457.92,147288.170,67744305.14106,256971,1717372799999
1717372800000,457.97,471.63,453.87,464.53,264059.387,122744288.48684,376793,1717459199999
1717459200000,464.52,479.78,459.28,476.78,332073.796,155928633.29503,449736,1717545599999
1717545600000,476.78,498.00,476.07,495.01,278965.668,135226886.52149,467990,1717631999999
1717632000000,495.00,502.32,485.53,495.91,282069.402,139689092.98110,465198,1717718399999
1717718400000,495.91,521.06,458.00,477.30,604361.432,301269219.37737,873691,1717804799999
1717804800000,477.31,484.82,464.89,469.10,279090.696,132379596.82329,453175,1717891199999
1717891200000,469.11,475.79,464.61,474.34,153631.661,72197792.05722,269109,1717977599999
1717977600000,474.35,474.71,460.82,468.84,200337.253,93811623.39039,316913,1718063999999
1718064000000,468.84,469.43,433.71,445.80,394813.099,177375536.06691,619909,1718150399999
1718150400000,445.80,466.40,438.49,453.93,370268.669,168078001.75398,635967,1718236799999
1718236800000,453.92,455.68,430.02,431.43,319099.258,141549818.31623,550109,1718323199999
1718323200000,431.43,441.46,405.00,422.37,361595.458,153633560.12650,588915,1718409599999
1718409600000,422.36,432.59,421.78,429.79,161622.351,69108674.28042,286851,1718495999999
1718496000000,429.79,433.77,426.09,428.18,131881.670,56704722.48568,233505,1718582399999
1718582400000,428.17,429.48,403.00,419.32,374584.600,156640722.21937,534452,1718668799999
1718668800000,419.32,421.27,371.62,389.00,672935.819,260544795.94843,941666,1718755199999
1718755200000,389.00,398.25,385.04,388.71,233675.531,91506475.11210,417720,1718841599999
1718841600000,388.72,400.54,385.05,389.67,255202.917,100105062.69449,422131,1718927999999
1718928000000,389.63,397.22,376.71,382.80,312249.399,120861029.94243,438463,1719014399999
1719014400000,382.77,400.31,379.27,391.87,212706.752,82958167.14313,304479,1719100799999
1719100800000,391.84,396.45,378.00,380.66,229590.071,89009130.99345,311589,1719187199999
1719187200000,380.66,383.93,343.00,363.59,841037.904,301539652.75889,915838,1719273599999
1719273600000,363.60,394.16,363.31,388.35,599850.508,227915112.32888,771953,1719359999999
1719360000000,388.34,396.95,372.93,373.58,467917.838,178404838.69855,595230,1719446399999
1719446400000,373.57,392.92,369.41,388.89,419791.430,160126858.68713,540471,1719532799999
1719532800000,388.90,406.83,383.52,385.78,611051.403,240554993.65521,701669,1719619199999
1719619200000,385.79,389.52,378.66,380.62,228748.105,87809939.73678,320608,1719705599999
1719705600000,380.62,397.32,378.00,393.76,262729.418,101887625.09579,349544,1719791999999
1719792000000,393.76,398.53,381.20,384.15,286140.790,111632756.26716,340921,1719878399999
1719878400000,384.15,394.26,378.14,381.79,243841.036,93879830.15512,316006,1719964799999
1719964800000,381.79,382.58,367.90,372.96,307232.245,114850467.62519,382876,1720051199999
1720051200000,372.96,374.29,330.00,331.12,661460.148,231368464.74634,702373,1720137599999
1720137600000,331.21,331.56,287.88,325.09,1465012.733,453139921.17688,1291947,1720223999999
1720224000000,325.07,343.80,319.42,342.64,444384.690,146828404.59595,539456,1720310399999
1720310400000,342.68,342.77,310.00,312.44,406375.651,132189232.99678,549192,1720396799999
1720396800000,312.45,337.86,298.46,333.07,674736.251,216299493.67350,888497,1720483199999
1720483200000,333.08,340.57,328.15,330.86,316674.798,105672223.97422,477971,1720569599999
1720569600000,330.85,345.99,326.36,340.15,345141.238,116817930.00313,385570,1720655999999
1720656000000,340.15,368.94,335.45,346.86,570611.272,200877884.07965,662605,1720742399999
1720742400000,346.86,369.75,340.05,368.73,363629.329,128483673.53765,522688,1720828799999
1720828800000,368.72,379.99,368.69,375.43,404159.826,151227299.67060,505012,1720915199999
1720915200000,375.39,388.78,362.96,376.25,454787.208,170493399.64449,527989,1721001599999
1721001600000,376.26,402.14,375.21,399.86,433537.045,167865906.71163,621015,1721087999999
1721088000000,399.85,404.94,369.03,386.56,746448.586,287482765.15655,898888,1721174399999
1721174400000,386.57,399.09,371.03,375.00,473306.179,180832197.66006,641098,1721260799999
1721260800000,375.01,386.32,368.85,382.49,339973.115,128988087.78867,439222,1721347199999
1721347200000,382.50,399.63,369.45,391.22,369351.407,141050154.12955,456279,1721433599999
1721433600000,391.22,398.65,385.14,395.10,206141.452,80892345.12968,281383,1721519999999
1721520000000,395.15,401.30,377.23,400.98,297198.442,116214729.62191,367026,1721606399999
1721606400000,400.99,404.22,382.45,385.48,297697.252,116699191.49803,431485,1721692799999
1721692800000,385.53,392.57,360.22,366.11,507160.241,190266435.85213,627185,1721779199999
1721779200000,366.08,374.61,358.00,362.11,296072.804,108831320.48610,413384,1721865599999
1721865600000,362.13,365.00,346.37,361.18,400665.309,141771704.89496,525389,1721951999999
1721952000000,361.18,378.77,360.86,377.00,236452.307,87817337.42617,344361,1722038399999
1722038400000,377.00,398.07,376.36,392.28,374791.381,145894428.36274,468026,1722124799999
1722124800000,392.28,423.48,388.45,416.53,619804.411,250395418.89938,672813,1722211199999
1722211200000,416.54,458.91,413.66,438.79,1159111.573,513291980.79987,1270739,1722297599999
1722297600000,438.78,446.57,427.53,432.24,711646.518,310570387.28991,881511,1722383999999
1722384000000,432.24,441.05,411.23,413.82,495065.270,210864597.05368,711770,1722470399999
1722470400000,413.81,423.35,389.62,412.96,575872.227,235743464.21937,829793,1722556799999
1722556800000,412.96,417.25,379.12,381.25,686199.419,274419152.46227,923773,1722643199999
1722643200000,381.28,385.88,353.79,364.01,544691.390,202260737.23869,744016,1722729599999
1722729600000,363.98,366.91,330.63,332.04,692952.711,240832079.15344,902259,1722815999999
1722816000000,332.04,335.38,272.66,309.51,1988755.366,596643520.75449,2014894,1722902399999
1722902400000,309.52,329.65,306.68,314.62,656102.455,208727925.27160,875025,1722988799999
1722988800000,314.64,327.42,308.38,312.17,519907.232,165066639.52862,720333,1723075199999
1723075200000,312.14,372.07,307.75,352.95,676612.424,227415673.38368,861840,1723161599999
1723161600000,352.95,357.19,335.93,347.45,534799.032,185907902.29834,765315,1723247999999
1723248000000,347.46,358.83,345.13,354.65,325345.965,115021923.39335,532230,1723334399999
1723334400000,354.65,358.38,327.11,329.99,299120.485,102902363.66106,487323,1723420799999
1723420800000,329.99,361.04,328.50,354.57,519223.918,178718453.41267,837889,1723507199999
1723507200000,354.56,365.01,343.10,351.43,417372.289,146823903.23080,726938,1723593599999
1723593600000,351.44,352.44,334.00,337.53,400263.359,137292737.82774,699590,1723679999999
1723680000000,337.51,344.06,327.07,333.90,379076.486,127288188.48975,556504,1723766399999
1723766400000,333.88,346.17,327.70,337.77,547865.474,184729601.07780,730379,1723852799999
1723852800000,337.75,347.83,335.40,340.92,234546.743,80285946.01226,332724,1723939199999
1723939200000,340.92,345.17,332.58,332.85,235004.431,80082189.77247,366954,1724025599999
1724025600000,332.86,339.51,329.97,337.60,252384.253,84296016.17678,362861,1724111999999
1724112000000,337.59,346.72,330.94,335.04,303871.276,102884246.20418,385844,1724198399999
1724198400000,335.03,355.00,332.73,349.24,372597.218,127473215.57153,495508,1724284799999
1724284800000,349.24,351.85,341.86,346.47,198302.412,68900083.07875,286288,1724371199999
1724371200000,346.47,368.88,346.11,364.95,332985.727,118519841.75103,377466,1724457599999
1724457600000,364.96,369.19,356.86,363.37,248967.254,90242313.53364,283958,1724543999999
1724544000000,363.34,364.34,349.57,356.08,298628.675,106836500.13187,342325,1724630399999
1724630400000,356.09,357.85,339.44,342.02,307060.579,106916165.62893,358589,1724716799999
1724716800000,342.02,346.89,314.34,323.73,370514.498,123878968.66846,393515,1724803199999
1724803200000,323.75,330.54,313.83,321.77,380755.184,122894026.87902,460442,1724889599999
1724889600000,321.73,330.72,316.63,322.26,206765.090,67072156.41772,263822,1724975999999
1724976000000,322.26,326.86,314.48,324.77,231079.994,74360390.27403,294277,1725062399999
1725062400000,324.77,326.62,319.47,322.06,119500.087,38624516.91870,159354,1725148799999
1725148800000,322.06,322.54,310.04,312.31,194432.900,61776269.32418,254922,1725235199999
1725235200000,312.30,325.60,310.28,323.48,225664.797,71906949.69619,275001,1725321599999
1725321600000,323.48,326.08,308.08,308.63,290778.268,91969497.60572,316382,1725407999999
1725408000000,308.61,319.35,294.89,315.03,317434.614,98254069.69512,338957,1725494399999
1725494400000,315.03,316.79,303.04,307.27,217045.954,67004580.81224,237704,1725580799999
1725580800000,307.27,312.73,285.29,294.77,430481.961,129814085.12273,420635,1725667199999
1725667200000,294.77,308.07,293.01,299.14,233953.178,70403080.46954,236243,1725753599999
1725753600000,299.15,308.10,298.39,305.04,178170.335,53921004.43059,189821,1725839999999
1725840000000,305.03,325.88,304.55,322.08,255286.293,80330373.88491,268901,1725926399999
1725926400000,322.08,331.61,317.77,329.27,222819.704,72237645.75794,248838,1726012799999
1726012800000,329.28,343.82,319.51,337.33,344166.846,113673399.63771,337554,1726099199999
1726099200000,337.34,341.39,329.72,332.74,221678.160,74233675.67092,271233,1726185599999
1726185600000,332.73,337.53,326.67,335.30,238854.785,79313431.95938,240024,1726271999999
1726272000000,335.30,337.52,324.86,326.85,157686.989,52071460.29630,155667,1726358399999
1726358400000,326.84,328.92,313.44,316.10,213510.905,68754224.64596,200226,1726444799999
1726444800000,316.09,317.02,308.54,311.57,235771.500,73816630.69268,248448,1726531199999
1726531200000,311.57,321.37,309.09,313.99,206627.131,65112967.99812,230612,1726617599999
1726617600000,313.99,328.00,306.04,326.80,258748.684,81306056.19271,271340,1726703999999
1726704000000,326.85,349.84,326.12,339.86,515238.698,175943888.64052,498451,1726790399999
1726790400000,339.86,345.15,332.06,335.62,324582.809,109910970.88294,309219,1726876799999
1726876800000,335.63,346.62,330.40,345.23,202739.059,68745552.90338,213567,1726963199999
1726963200000,345.24,347.20,333.60,342.43,207389.951,70668411.17449,231979,1727049599999
1727049600000,342.44,349.12,335.76,341.69,223998.445,76455056.47490,251346,1727135999999
1727136000000,341.66,351.62,336.67,347.63,236344.731,81199371.15688,261714,1727222399999
1727222400000,347.70,355.40,340.76,343.17,227568.967,79280265.15630,283726,1727308799999
1727308800000,343.22,358.00,338.70,351.65,258392.169,90377908.96153,311352,1727395199999
1727395200000,351.64,364.53,351.56,358.53,259168.255,93153421.93975,308386,1727481599999
1727481600000,358.53,360.98,345.49,352.09,193920.575,68375784.10031,247349,1727567999999
1727568000000,352.07,358.05,345.17,352.36,195685.000,68691199.67190,260317,1727654399999
1727654400000,352.37,353.62,334.00,336.89,247012.841,84919092.95872,307861,1727740799999
1727740800000,336.92,347.40,310.00,317.42,371204.207,121924929.08794,455409,1727827199999
1727827200000,317.41,324.29,308.57,315.80,276256.368,87687608.59041,335695,1727913599999
1727913600000,315.80,323.90,307.23,320.18,324529.724,102400951.88445,366381,1727999999999
1728000000000,320.15,325.92,317.65,324.58,261780.623,84203085.41450,291539,1728086399999
1728086400000,324.58,325.42,317.87,321.64,115228.315,37126026.02904,166858,1728172799999
1728172800000,321.66,325.28,320.50,324.29,99244.892,32072721.26244,161397,1728259199999
1728259200000,324.28,332.88,319.88,323.45,269051.936,88089495.06087,315553,1728345599999
1728345600000,323.44,333.63,321.41,328.89,230371.335,75601949.83522,280161,1728431999999
1728432000000,328.89,330.33,317.70,320.35,164665.483,53477223.90977,228266,1728518399999
1728518400000,320.35,325.61,317.01,322.73,197137.593,63366171.05482,236795,1728604799999
1728604800000,322.76,328.72,321.69,326.77,173537.126,56356067.71235,210208,1728691199999
1728691200000,326.78,333.33,324.63,329.06,136150.391,44800798.91869,178375,1728777599999
1728777600000,329.08,329.65,317.06,321.12,151786.704,49020326.14808,192369,1728863999999
1728864000000,321.13,371.15,318.55,369.38,612361.495,212513426.26755,565880,1728950399999
1728950400000,369.38,386.47,344.11,354.15,989038.156,360217743.68210,1009056,1729036799999
1729036800000,354.16,371.22,351.02,365.18,650450.601,236181410.38438,806058,1729123199999
1729123200000,365.19,375.52,360.14,369.41,434497.152,159142906.63678,571431,1729209599999
1729209600000,369.41,377.32,362.29,366.77,382688.729,141158645.84767,487836,1729295999999
1729296000000,366.79,368.68,361.02,363.07,159155.508,57940498.01334,242116,1729382399999
1729382400000,363.07,371.72,357.12,369.75,277088.936,100916643.97763,313557,1729468799999
1729468800000,369.75,378.87,358.64,363.34,329377.841,121637627.80048,411178,1729555199999
1729555200000,363.29,366.41,353.76,357.01,214420.431,76978674.18335,275484,1729641599999
1729641600000,357.02,357.27,338.22,347.73,224751.223,78321790.31545,303947,1729727999999
1729728000000,347.73,371.18,346.28,367.78,332416.140,119693881.54819,436059,1729814399999
1729814400000,367.76,374.05,338.58,348.81,539186.479,195515546.65070,600442,1729900799999
1729900800000,348.82,356.83,345.76,347.69,219107.025,76895785.40622,272507,1729987199999
1729987200000,347.68,354.12,346.50,351.87,143325.825,50179141.14005,189889,1730073599999
1730073600000,351.84,368.27,343.68,365.15,346697.590,124070255.42735,397084,1730159999999
1730160000000,365.16,389.52,363.59,386.10,556045.502,211564499.58983,637709,1730246399999
1730246400000,386.10,387.75,365.70,368.69,507438.603,189694573.56139,536575,1730332799999
1730332800000,368.67,378.10,349.71,358.58,518102.815,189674350.75259,625287,1730419199999
1730419200000,358.57,359.93,343.14,349.32,377428.953,132408467.23032,479289,1730505599999
1730505600000,349.33,357.27,340.84,353.48,245626.711,85626836.15933,277502,1730591999999
1730592000000,353.49,354.03,333.39,339.65,377421.249,129255414.31111,463020,1730678399999
1730678400000,339.65,342.15,319.79,328.95,409041.356,136322859.03232,476530,1730764799999
1730764800000,328.92,345.16,326.08,342.50,300886.801,101845122.32532,378195,1730851199999
1730851200000,342.51,384.36,342.35,378.28,834506.930,307757662.43306,944044,1730937599999
1730937600000,378.27,386.89,370.60,377.51,418763.627,158876603.54551,552978,1731023999999
1731024000000,377.51,383.62,363.62,376.79,478640.518,178667860.28655,494724,1731110399999
1731110400000,376.80,407.35,369.11,404.84,505319.825,193215187.45066,603457,1731196799999
1731196800000,404.84,454.50,394.92,441.26,1065241.242,458875319.12759,1337480,1731283199999
1731283200000,441.26,484.36,422.52,472.70,993139.792,441833475.35283,1220617,1731369599999
1731369600000,472.77,475.02,418.03,432.32,928588.465,412293327.55516,1340338,1731455999999
1731456000000,432.32,450.57,402.98,439.44,928929.339,397885330.59814,1298423,1731542399999
1731542400000,439.44,446.07,409.32,414.81,625590.386,270020041.15431,931808,1731628799999
1731628800000,414.80,436.13,409.42,431.51,391141.311,165806477.93639,648392,1731715199999
1731715200000,431.50,483.98,428.37,462.14,671021.719,305307084.45917,933405,1731801599999
1731801600000,462.15,488.95,424.09,432.64,722567.924,325311718.76077,980254,1731887999999
1731888000000,432.63,472.29,430.66,452.77,665852.350,297749834.29783,885853,1731974399999
1731974400000,452.80,460.89,438.35,447.00,417281.856,188034148.16568,654461,1732060799999
1732060800000,447.00,454.73,428.62,440.18,393085.950,173573563.88364,627138,1732147199999
1732147200000,440.18,536.58,428.58,484.72,2325706.048,1161087244.49034,2433409,1732233599999
1732233600000,484.71,503.19,472.24,490.63,844113.625,412126470.58657,1281373,1732319999999
1732320000000,490.63,570.89,486.53,510.23,1390240.559,736156634.72592,1884020,1732406399999
1732406400000,510.23,527.65,477.00,515.16,746412.380,375792438.36603,1290979,1732492799999
1732492800000,515.17,535.25,483.10,492.01,757869.785,388682214.54387,1223616,1732579199999
1732579200000,492.00,505.29,470.68,492.64,501942.872,245591922.79779,970322,1732665599999
1732665600000,492.63,524.55,485.16,517.80,583486.434,298027579.25813,850320,1732751999999
1732752000000,517.77,525.34,497.34,511.12,481337.035,245641045.65328,722933,1732838399999
1732838400000,511.08,522.69,499.20,518.32,389680.500,199227308.63452,645744,1732924799999
1732924800000,518.34,542.19,505.30,526.44,593548.839,310779399.57233,834508,1733011199999
1733011200000,526.44,538.34,508.24,532.65,495883.698,259440371.43827,717975,1733097599999
1733097600000,532.68,562.87,495.16,538.74,1282259.183,675246454.07985,1684755,1733183999999
1733184000000,538.74,592.50,512.00,586.23,1347045.889,734286888.65809,1680471,1733270399999
1733270400000,586.23,602.84,541.67,584.01,1145012.589,654724908.39770,1457932,1733356799999
1733356800000,584.02,635.00,549.95,589.04,1463456.856,878728787.40007,2043390,1733443199999
1733443200000,589.04,640.58,579.91,619.38,707364.291,429270757.15698,1342856,1733529599999
1733529600000,619.38,627.41,604.73,608.17,430180.716,264586248.63897,918348,1733615999999
1733616000000,608.17,625.83,601.56,622.96,397609.010,244999948.96045,963969,1733702399999
1733702400000,622.95,624.57,507.11,551.20,1040890.607,608982628.36802,1972972,1733788799999
1733788800000,551.20,563.97,485.22,515.87,985145.524,516716079.26345,1894479,1733875199999
1733875200000,515.87,550.19,502.32,546.34,517387.920,274816973.02423,1123705,1733961599999
1733961600000,546.34,563.79,536.81,540.06,439615.404,241945198.37047,1026629,1734047999999
1734048000000,540.07,543.75,525.88,542.33,367161.656,196175616.62531,876257,1734134399999
1734134400000,542.33,551.64,519.40,533.79,329255.370,175976398.41853,792830,1734220799999
1734220800000,533.79,550.18,524.25,546.18,361181.204,194168455.30515,860962,1734307199999
1734307200000,546.20,557.12,521.01,538.19,443477.460,239661741.73044,997152,1734393599999
1734393600000,538.19,547.55,523.67,529.79,427340.030,229112446.15207,876041,1734479999999
1734480000000,529.81,543.29,470.43,479.93,675141.232,344895312.04704,1149199,1734566399999
1734566400000,479.92,488.62,420.00,438.33,852390.923,390234538.08171,1519915,1734652799999
1734652800000,438.32,451.23,389.47,448.99,910580.500,384952673.36956,1561376,1734739199999
1734739200000,448.99,472.70,442.18,455.77,524986.583,239824707.56624,1089394,1734825599999
1734825600000,455.76,461.04,434.18,445.66,437241.253,196604754.61831,947993,1734911999999
1734912000000,445.66,466.13,432.10,460.79,423237.489,188486753.97138,966979,1734998399999
1734998400000,460.80,478.76,450.13,470.02,282477.991,131376745.82635,645947,1735084799999
1735084800000,470.02,471.39,454.90,465.12,214834.934,99562576.22324,549444,1735171199999
1735171200000,465.12,468.18,432.64,437.08,255239.919,113562715.49206,646864,1735257599999
1735257600000,437.08,461.64,434.50,440.98,265161.452,118479292.75354,602861,1735343999999
1735344000000,440.98,453.66,438.00,451.40,125264.632,55674927.08778,309359,1735430399999
1735430400000,451.39,453.84,435.05,438.80,124499.962,55504213.63607,314110,1735516799999
1735516800000,438.82,453.32,428.69,443.89,309268.028,137303604.34291,690540,1735603199999
1735603200000,443.89,455.36,432.86,434.36,245747.212,108584545.64614,507109,1735689599999
1735689600000,434.35,454.92,430.26,450.34,188120.978,83207319.43382,371236,1735775999999
1735776000000,450.35,466.90,450.25,461.63,187872.617,86470949.91948,412386,1735862399999
1735862400000,461.65,477.46,455.47,473.74,218954.665,102301516.18750,406736,1735948799999
1735948800000,473.75,483.16,468.76,478.84,234103.275,111541954.13440,426907,1736035199999
1736035200000,478.84,479.71,462.09,470.94,141323.473,66374844.84273,306251,1736121599999
1736121600000,470.95,485.99,464.41,482.80,253768.503,120662824.76559,451661,1736207999999
1736208000000,482.80,486.45,435.19,436.70,346018.215,158031098.46240,648307,1736294399999
1736294400000,436.72,442.16,417.79,434.02,371898.398,161067188.89669,715860,1736380799999
1736380800000,434.02,436.87,410.79,421.72,297945.951,126433391.39951,583669,1736467199999
1736467200000,421.71,450.46,420.24,449.68,375594.999,164472693.42960,682414,1736553599999
1736553600000,449.69,451.00,435.53,440.82,177532.574,78229380.65740,375869,1736639999999
1736640000000,440.81,463.86,436.13,447.75,361941.625,163195738.41042,587102,1736726399999
1736726400000,447.75,454.03,400.00,427.67,546533.093,230805079.96832,876386,1736812799999
1736812800000,427.66,441.45,425.82,437.71,213062.483,92640030.64731,413389,1736899199999
1736899200000,437.71,463.36,430.73,460.15,279043.006,124038674.89376,494250,1736985599999
1736985600000,460.15,471.49,446.36,461.55,385571.535,177213127.24004,723735,1737071999999
1737072000000,461.57,500.50,461.57,489.33,413189.815,199801404.14469,707705,1737158399999
1737158400000,489.32,494.83,457.78,466.15,395109.158,185709792.40067,773505,1737244799999
1737244800000,466.16,470.93,418.52,427.57,524094.684,234893936.71796,976803,1737331199999
1737331200000,427.55,487.00,414.92,430.66,687016.497,304407229.06465,1276333,1737417599999
1737417600000,430.67,454.57,419.38,446.44,307331.406,133927679.65500,681288,1737503999999
1737504000000,446.44,451.50,433.09,435.27,182454.174,80854565.69163,425956,1737590399999
1737590400000,435.29,447.47,425.00,437.29,316420.493,137459089.08211,598919,1737676799999
1737676800000,437.27,443.09,426.15,431.76,221155.823,96300007.01097,430943,1737763199999
1737763200000,431.77,455.22,430.25,445.33,283845.362,125700708.92090,451089,1737849599999
1737849600000,445.33,448.14,424.34,424.87,157834.590,68991270.09932,333467,1737935999999
1737936000000,424.87,428.97,395.09,427.40,409863.149,169039551.04610,763589,1738022399999
1738022400000,427.40,431.58,406.62,410.34,207181.776,87689359.06330,415297,1738108799999
1738108800000,410.33,421.68,403.84,414.73,223110.260,92239860.97650,468221,1738195199999
1738195200000,414.76,439.24,412.32,434.72,187814.283,80823375.74922,392662,1738281599999
1738281600000,434.72,445.28,419.80,424.11,225194.569,97338445.70507,442930,1738367999999
1738368000000,424.11,431.47,399.06,403.69,202008.770,84276204.16074,413848,1738454399999
1738454400000,403.65,410.17,340.02,360.40,650681.344,244779442.14928,1101664,1738540799999
1738540800000,360.51,360.67,270.00,352.87,1370922.292,436465521.95588,1869756,1738627199999
1738627200000,352.86,355.38,320.73,329.52,538059.482,179995481.53307,949447,1738713599999
1738713600000,329.52,338.14,322.96,327.79,287913.764,95301478.25010,568398,1738799999999
1738800000000,327.79,334.94,313.34,315.91,276044.002,89248418.95661,555192,1738886399999
1738886400000,315.92,334.93,308.21,318.37,296365.917,95712791.80609,526560,1738972799999
1738972800000,318.37,324.15,314.44,322.87,132959.660,42413970.49476,291116,1739059199999
1739059200000,322.87,329.13,312.35,324.26,181162.573,58659908.78158,325143,1739145599999
1739145600000,324.26,334.39,315.24,329.09,236241.183,77459109.35533,449829,1739231999999
1739232000000,329.10,344.23,325.35,331.17,229311.234,76861257.67817,436221,1739318399999
1739318400000,331.14,346.87,321.10,342.99,282525.044,93551545.72838,501197,1739404799999
1739404800000,342.96,345.67,327.07,334.81,216221.654,72316334.03062,399170,1739491199999
1739491200000,334.82,350.85,333.97,341.36,196441.028,67222385.00743,371690,1739577599999
1739577600000,341.35,345.56,330.75,332.73,137646.871,46577694.21925,253921,1739663999999
1739664000000,332.74,334.83,325.22,326.04,138637.128,45864640.92810,259236,1739750399999
1739750400000,326.05,336.65,316.74,323.68,279507.631,91182038.74733,432792,1739836799999
1739836800000,323.67,325.15,307.23,315.94,270325.479,85333958.88137,453834,1739923199999
1739923200000,315.93,324.22,311.56,322.44,184579.874,58928876.21885,318972,1740009599999
1740009600000,322.44,327.10,319.69,325.68,153915.129,49758246.86793,264771,1740095999999
1740096000000,325.68,333.78,309.50,313.56,262487.984,84792127.04370,411266,1740182399999
1740182400000,313.57,322.50,312.26,320.80,132094.902,42097713.32863,212380,1740268799999
1740268800000,320.79,332.26,320.37,327.64,202437.747,66153053.47332,283603,1740355199999
1740355200000,327.65,329.32,286.82,291.33,395344.053,121817885.13080,552751,1740441599999
1740441600000,291.36,296.41,274.49,291.67,619613.745,176994199.94110,874538,1740527999999
1740528000000,291.67,301.23,284.13,293.78,385237.473,112959574.71034,570657,1740614399999
1740614400000,293.78,303.42,289.85,296.66,294791.895,87734345.76005,410909,1740700799999
1740700800000,296.66,319.98,269.30,315.58,703891.417,204772314.30797,944041,1740787199999
1740787200000,315.57,324.38,307.37,311.30,349954.744,109965709.39888,438750,1740873599999
1740873600000,311.31,341.46,309.51,334.08,481014.826,156213308.05691,716009,1740959999999
1740960000000,334.03,357.51,310.02,321.16,1061846.007,353244566.70050,1376225,1741046399999
1741046400000,321.16,329.86,290.88,320.64,893283.039,276349720.92697,1313023,1741132799999
1741132800000,320.63,400.67,319.46,392.15,1889922.546,703623453.03828,2408720,1741219199999
1741219200000,392.16,419.99,383.20,394.71,1349150.646,535611784.95511,1581919,1741305599999
1741305600000,394.71,410.28,382.40,388.87,1170751.788,463151917.97222,1636300,1741391999999
1741392000000,388.84,396.15,375.93,385.63,480641.343,184914647.12335,796791,1741478399999
1741478400000,385.63,386.81,355.56,357.30,499838.776,184855304.57828,745886,1741564799999
1741564800000,357.31,373.22,330.49,331.58,632784.162,224967327.25347,1045772,1741651199999
1741651200000,331.59,350.32,315.94,340.07,519527.173,173571497.18819,895371,1741737599999
1741737600000,340.07,360.57,327.81,353.69,562955.213,193644079.01772,898693,1741823999999
1741824000000,353.68,355.50,323.56,325.65,383312.949,128688077.70833,648701,1741910399999
1741910400000,325.65,335.83,324.96,331.19,351121.955,115771238.81375,506954,1741996799999
1741996800000,331.19,352.29,327.80,342.12,701180.778,240208695.83999,687611,1742083199999
1742083200000,342.13,342.31,324.57,332.68,301054.277,100323125.21368,472571,1742169599999
1742169600000,332.71,342.18,330.65,337.19,237097.335,79927604.76209,401434,1742255999999
1742256000000,337.18,343.51,328.88,335.03,272030.146,91072531.84131,478099,1742342399999
1742342400000,335.03,346.61,332.11,345.03,319714.941,108027774.41082,510071,1742428799999
1742428800000,345.03,349.69,329.74,333.41,270478.737,91998315.58840,464413,1742515199999
1742515200000,333.40,335.40,319.78,322.89,235299.340,77571633.17509,386280,1742601599999
1742601600000,322.88,326.00,320.56,322.08,174613.213,56549048.70403,279906,1742687999999
1742688000000,322.09,325.78,320.12,325.20,156480.151,50577478.04279,243472,1742774399999
1742774400000,325.20,336.58,321.24,332.32,317352.933,104627344.53839,442539,1742860799999
1742860800000,332.32,339.81,326.19,335.82,294600.616,98011387.39687,433123,1742947199999
1742947200000,335.80,342.04,328.04,335.00,1295349.493,432233825.21044,987966,1743033599999
1743033600000,334.99,339.83,320.58,324.44,671475.893,223155459.68901,640735,1743119999999
1743120000000,324.44,328.25,304.29,307.23,324473.994,101933124.80864,481020,1743206399999
1743206400000,307.26,308.72,297.89,303.10,283201.398,86007770.87380,428622,1743292799999
1743292800000,303.11,307.81,293.24,298.89,359524.087,108970047.61458,428687,1743379199999
1743379200000,298.91,305.74,289.43,303.29,704773.942,210313366.00794,733218,1743465599999
1743465600000,303.28,318.63,302.04,308.01,426575.618,132617849.30390,504760,1743551999999
1743552000000,308.00,317.07,289.75,292.80,909957.210,276958048.48841,825164,1743638399999
1743638400000,292.84,307.68,291.04,301.03,1186043.472,355867565.77968,810109,1743724799999
1743724800000,301.03,310.02,293.79,301.16,723420.384,216910393.39786,737662,1743811199999
1743811200000,301.15,304.16,296.80,303.84,270731.653,81220161.42888,325008,1743897599999
1743897600000,303.84,308.14,265.11,272.09,835630.161,241648775.85980,763281,1743983999999
1743984000000,272.12,281.98,249.20,275.25,789161.056,210178179.96916,977116,1744070399999
1744070400000,275.25,284.66,266.61,269.07,379437.609,105118950.76740,520317,1744156799999
1744156800000,269.06,311.38,258.83,301.33,719964.903,205848591.73191,784520,1744243199999
1744243200000,301.35,303.96,282.19,289.66,325919.778,95723808.79575,458427,1744329599999
1744329600000,289.65,315.78,289.36,312.67,371426.116,113358109.11027,505179,1744415999999
1744416000000,312.68,358.00,311.12,344.43,409112.923,137096262.34255,630136,1744502399999
1744502400000,344.42,353.34,335.72,342.50,441393.974,151895755.25429,638852,1744588799999
1744588800000,342.49,374.25,322.52,323.36,648963.856,224006120.17559,964617,1744675199999
1744675200000,323.35,337.30,316.75,319.39,427764.268,140174520.34976,598057,1744761599999
1744761600000,319.37,325.73,313.76,321.36,308587.432,98880026.90351,478139,1744847999999
1744848000000,321.36,340.42,320.61,333.75,377904.904,125534533.60706,626607,1744934399999
1744934400000,333.75,344.90,327.13,334.78,321909.078,108368074.97448,501422,1745020799999
1745020800000,334.77,339.93,332.20,335.16,165958.126,55852515.88427,281245,1745107199999
1745107200000,335.12,342.62,331.19,335.95,224936.074,75644737.58829,344704,1745193599999
1745193600000,335.95,348.10,335.15,344.88,370251.998,126373581.40656,523525,1745279999999
1745280000000,344.89,365.25,336.53,362.05,503128.058,175701538.40304,663470,1745366399999
1745366400000,362.03,363.77,352.52,358.04,366790.880,131564808.88087,547305,1745452799999
1745452800000,358.03,368.40,343.20,356.55,516206.120,182980561.72780,726709,1745539199999
1745539200000,356.56,384.63,347.78,372.91,573817.783,211949135.53810,847238,1745625599999
1745625600000,372.90,377.21,354.45,354.95,324668.893,118198151.64126,484504,1745711999999
1745712000000,354.95,359.64,343.92,345.24,305594.828,107543342.98213,443879,1745798399999
1745798400000,345.25,370.65,341.04,363.99,453548.771,159630249.59909,581457,1745884799999
1745884800000,363.99,377.99,360.38,363.58,439998.575,162849492.46218,715680,1745971199999
1745971200000,363.58,369.44,354.46,365.79,254188.195,92373312.37891,423944,1746057599999
1746057600000,365.78,374.11,359.54,360.35,255489.963,93821009.89136,378042,1746143999999
1746144000000,360.34,386.08,358.30,382.33,420073.370,157181960.51434,588378,1746230399999
1746230400000,382.34,383.15,361.01,362.23,312020.590,115173562.65896,446644,1746316799999
1746316800000,362.23,370.83,352.25,355.64,232460.552,83614788.31365,404249,1746403199999
1746403200000,355.64,360.79,348.33,352.83,217601.895,77067046.82275,392865,1746489599999
1746489600000,352.83,374.54,349.34,374.39,416278.251,149200067.68044,614572,1746575999999
1746576000000,374.39,391.58,354.64,383.45,566829.868,210304331.99740,741890,1746662399999
1746662400000,383.48,431.39,380.67,421.49,953689.141,393498770.10365,1298707,1746748799999
1746748800000,421.49,429.44,402.33,413.34,630199.936,260913909.24425,793406,1746835199999
1746835200000,413.36,433.22,409.21,430.80,369894.281,155191728.39115,602621,1746921599999
1746921600000,430.80,432.12,400.00,407.93,374136.230,155115373.51170,636270,1747007999999
1747008000000,407.93,419.64,395.00,410.38,464992.968,190804004.88004,709600,1747094399999
1747094400000,410.38,415.78,391.01,410.77,333808.281,134543892.47018,555863,1747180799999
1747180800000,410.71,413.44,398.28,402.25,269098.359,109141024.43885,437343,1747267199999
1747267200000,402.25,404.80,382.53,395.64,363605.612,142946775.31271,586929,1747353599999
1747353600000,395.64,403.49,392.14,395.50,248795.164,99153424.60119,448399,1747439999999
1747440000000,395.51,401.51,385.40,391.79,239962.249,94302964.55609,461113,1747526399999
1747526400000,391.80,407.93,388.22,406.32,361274.657,144356974.30175,516925,1747612799999
1747612800000,406.32,408.45,375.06,392.34,330619.419,128150013.46860,572239,1747699199999
1747699200000,392.35,398.31,383.62,393.91,225656.546,88124967.96250,422950,1747785599999
1747785600000,393.92,412.00,389.69,406.78,373560.525,150023984.51291,588970,1747871999999
1747872000000,406.78,445.70,406.78,443.98,662754.708,283463823.95653,901839,1747958399999
1747958400000,443.99,464.40,423.48,426.19,631961.455,278206359.74357,1004414,1748044799999
1748044800000,426.19,432.26,418.88,421.09,186959.704,79885382.59925,426767,1748131199999
1748131200000,421.15,427.42,407.30,422.32,234561.588,97627170.67936,480004,1748217599999
1748217600000,422.31,428.99,412.48,415.10,211954.598,89028518.53519,392649,1748303999999
1748304000000,415.10,424.12,408.00,414.28,199081.124,83068554.39795,402279,1748390399999
1748390400000,414.28,427.50,404.10,424.58,274572.732,114010441.59489,417243,1748476799999
1748476800000,424.58,428.03,405.04,409.30,262081.176,109260053.01202,495823,1748563199999
1748563200000,409.30,414.36,393.96,398.17,359783.385,145733964.61945,639655,1748649599999
1748649600000,398.10,422.60,388.88,414.70,415903.292,169105525.42654,701385,1748735999999
1748736000000,414.71,415.27,396.57,403.07,261092.079,105510878.70843,433216,1748822399999
1748822400000,403.06,407.05,396.74,403.42,229632.271,92157247.06891,410215,1748908799999
1748908800000,403.43,408.80,399.52,400.52,233739.087,94422230.61110,370369,1748995199999
1748995200000,400.51,410.48,396.52,399.95,216112.118,87345747.09971,347599,1749081599999
1749081600000,399.94,404.64,377.18,384.88,378646.772,149454791.01754,614365,1749167999999
1749168000000,384.89,399.38,380.12,395.47,256859.464,99855782.63712,436722,1749254399999
1749254400000,395.48,411.48,393.51,409.05,260568.976,105391862.82321,411126,1749340799999
1749340800000,409.05,419.78,406.02,410.62,248486.744,102503197.86327,342618,1749427199999
1749427200000,410.62,429.52,410.29,424.77,309283.128,129677159.29690,436575,1749513599999
1749513600000,424.78,443.28,417.52,438.04,401927.972,172446854.41473,580325,1749599999999
1749600000000,438.03,447.00,421.05,428.44,653407.709,286500530.03509,836360,1749686399999
1749686400000,428.44,441.50,423.07,423.62,385263.582,165892391.77862,594061,1749772799999
1749772800000,423.61,453.89,397.21,448.58,812550.383,341405252.50038,1123524,1749859199999
1749859200000,448.60,450.00,420.70,430.65,434212.924,188846777.93400,658733,1749945599999
1749945600000,430.64,470.00,430.59,460.17,646439.749,292512456.83542,970880,1750031999999
1750032000000,460.17,476.97,450.31,463.48,784186.300,363093871.94357,1078866,1750118399999
1750118400000,463.48,483.98,456.64,462.49,740792.837,347654233.06060,1075959,1750204799999
1750204800000,462.47,481.40,456.33,459.43,582760.001,272338997.47720,942154,1750291199999
1750291200000,459.43,502.96,452.65,496.99,1093910.289,522564155.98286,1349977,1750377599999
1750377600000,497.00,500.48,471.51,473.55,849344.292,413087213.61549,1134656,1750463999999
1750464000000,473.56,477.91,457.24,467.00,535849.436,251716248.82671,767060,1750550399999
1750550400000,466.97,472.34,436.20,454.37,1049061.240,477506881.93281,1237880,1750636799999
1750636800000,454.37,469.29,437.36,462.02,618094.791,279755050.77743,889878,1750723199999
1750723200000,462.03,467.00,448.36,453.47,423941.744,193810040.76292,646974,1750809599999
1750809600000,453.46,494.74,452.98,482.58,770726.311,369168359.59162,1096049,1750895999999
1750896000000,482.58,507.14,481.30,488.65,598124.700,295264825.57430,897137,1750982399999
1750982400000,488.62,510.33,483.66,504.40,576785.323,287048470.83848,901498,1751068799999
1751068800000,504.42,505.67,486.56,490.75,329609.161,162981784.24441,513968,1751155199999
1751155200000,490.75,508.97,488.09,504.23,371289.741,183810139.69048,566001,1751241599999
1751241600000,504.24,522.48,487.87,505.46,639763.528,323132446.31737,949264,1751327999999
1751328000000,505.46,527.90,496.00,499.87,795285.966,410683207.45480,1084113,1751414399999
1751414400000,499.86,511.74,497.99,510.44,513202.923,258930741.65025,726226,1751500799999
1751500800000,510.44,514.60,490.43,496.05,519824.067,260772070.23146,684964,1751587199999
1751587200000,496.05,496.36,468.42,483.64,597672.617,288813751.32692,770787,1751673599999
1751673600000,483.65,489.42,480.00,488.93,252970.309,122499951.67017,425005,1751759999999
1751760000000,488.94,500.00,482.24,491.20,319037.067,156606229.04841,451323,1751846399999
1751846400000,491.20,499.97,487.13,496.24,273342.427,135207452.14615,440746,1751932799999
1751932800000,496.24,508.10,493.63,500.73,289793.938,145032861.73320,423090,1752019199999
1752019200000,500.72,516.66,499.53,514.25,422977.854,214644651.71622,536730,1752105599999
1752105600000,514.26,521.00,500.00,518.22,519081.480,265328267.12851,561450,1752191999999
1752192000000,518.28,539.87,513.77,531.38,530061.940,279191780.32404,699494,1752278399999
1752278400000,531.38,535.18,501.41,505.85,381998.615,196937337.52633,663242,1752364799999
1752364800000,505.85,512.77,500.34,507.61,298759.072,151322972.08115,497419,1752451199999
1752451200000,507.64,527.15,496.43,504.48,383372.975,195942069.24991,622909,1752537599999
1752537600000,504.49,505.52,481.00,497.31,399389.166,195936387.71981,577194,1752623999999
1752624000000,497.32,508.49,490.64,498.55,374780.722,187284279.10961,503559,1752710399999
1752710400000,498.56,504.87,486.80,499.59,424853.321,210632440.19062,598601,1752796799999
1752796800000,499.60,543.80,498.62,514.34,808510.509,422553709.95857,1008161,1752883199999
1752883200000,514.33,522.80,501.50,513.00,374973.884,191762143.21347,546856,1752969599999
1752969600000,513.01,553.79,507.77,548.16,575832.744,308704557.55851,786549,1753055999999
1753056000000,548.16,548.93,516.65,522.48,703078.807,372215520.13496,917196,1753142399999
1753142400000,522.47,535.53,511.01,526.14,551810.966,287135814.51375,776652,1753228799999
1753228800000,526.14,529.88,497.28,511.76,550453.109,283999372.50499,739046,1753315199999
1753315200000,511.78,528.53,490.00,513.05,840770.692,432961404.92307,1027342,1753401599999
1753401600000,513.05,564.24,509.21,557.35,915944.472,492473952.61406,1297545,1753487999999
1753488000000,557.35,563.50,551.25,559.31,285014.451,158586497.39467,482118,1753574399999
1753574400000,559.31,608.37,555.42,589.94,726463.636,427239430.15562,1071520,1753660799999
1753660800000,589.95,605.57,568.77,572.44,661020.514,387234779.94311,900629,1753747199999
1753747200000,572.44,586.56,560.06,564.05,420930.108,240678740.95500,688482,1753833599999
1753833600000,564.04,594.51,548.42,589.53,409672.187,233416880.50601,692760,1753919999999
1753920000000,589.54,596.80,559.68,561.22,364597.900,210494298.48605,651227,1754006399999
1754006400000,561.22,575.90,526.33,535.80,494330.116,273242383.62275,862553,1754092799999
1754092800000,535.81,543.85,517.63,519.92,257894.505,137347805.03024,507037,1754179199999
1754179200000,519.92,548.88,514.20,544.05,223624.687,119956226.50953,407008,1754265599999
1754265600000,544.06,581.92,543.81,574.27,470217.675,265410653.24165,667935,1754351999999
1754352000000,574.27,584.27,541.55,551.41,440904.659,248912254.42592,716073,1754438399999
1754438400000,551.40,573.51,547.31,570.85,315672.968,177132861.75693,548951,1754524799999
1754524800000,570.85,584.85,567.14,581.90,473789.542,273018871.92707,825565,1754611199999
1754611200000,581.90,589.10,572.92,585.89,292081.478,169520914.98562,493876,1754697599999
1754697600000,585.90,592.12,564.57,565.92,383199.849,220984112.41839,506317,1754783999999
1754784000000,565.91,586.44,558.86,570.24,443615.656,253648961.00351,604726,1754870399999
1754870400000,570.26,600.42,569.38,578.49,600357.251,351655624.78287,893443,1754956799999
1754956800000,578.50,626.60,578.01,619.11,606731.911,364966495.72017,922936,1755043199999
1755043200000,619.08,633.00,600.98,616.26,588725.281,362663270.60244,820500,1755129599999
1755129600000,616.25,627.50,578.80,593.05,498024.170,300678283.77205,795957,1755215999999
1755216000000,593.05,601.81,579.61,592.26,246262.171,145617344.16571,473262,1755302399999
1755302400000,592.26,597.77,576.33,587.20,187211.835,109958078.38951,356684,1755388799999
1755388800000,587.21,592.13,580.01,581.86,176996.149,103786278.95494,321057,1755475199999
1755475200000,581.86,582.35,560.27,568.64,236218.746,134358590.21918,434938,1755561599999
1755561600000,568.63,573.40,547.30,548.15,213252.598,119448072.81175,448073,1755647999999
1755648000000,548.16,562.56,542.93,560.64,209308.412,115756232.63063,408958,1755734399999
1755734400000,560.64,564.84,550.01,554.39,171961.356,95687677.59436,337819,1755820799999
1755820800000,554.40,607.86,550.22,599.78,454958.223,264976870.56359,698107,1755907199999
1755907200000,599.78,602.01,584.26,591.25,220460.178,130181380.58218,377805,1755993599999
1755993600000,591.26,599.99,581.80,583.03,270773.746,160318720.23099,460999,1756079999999
1756080000000,583.04,589.26,535.70,543.34,374880.786,211031641.18428,636590,1756166399999
1756166400000,543.34,554.84,532.20,550.61,315106.178,170647312.11471,550248,1756252799999
1756252800000,550.61,563.00,543.73,550.08,283077.446,156867609.73629,540000,1756339199999
1756339200000,550.02,566.66,548.16,557.56,198103.977,110149740.28155,367604,1756425599999
1756425600000,557.56,559.99,526.80,530.57,377475.316,204025831.08081,588338,1756511999999
1756512000000,530.58,553.91,523.89,552.45,205332.256,110398278.63849,366784,1756598399999
1756598400000,552.45,554.39,542.01,543.94,166232.937,91122872.34426,317233,1756684799999
1756684800000,543.93,551.68,529.50,544.91,295942.294,160340269.36798,546552,1756771199999
1756771200000,544.92,587.32,543.00,584.35,489146.293,279142682.49953,819844,1756857599999
1756857600000,584.34,605.91,578.18,603.30,641041.664,381351124.30949,941264,1756943999999
1756944000000,603.30,604.49,582.50,586.33,413890.401,243625415.49709,651574,1757030399999
1757030400000,586.32,620.00,584.42,606.55,591470.411,357579165.01520,883553,1757116799999
1757116800000,606.55,616.95,583.09,594.89,564838.165,337435639.76095,727952,1757203199999
1757203200000,594.89,608.04,593.04,602.95,238216.237,143190045.84610,402717,1757289599999
1757289600000,602.94,605.89,585.22,587.95,414089.362,245765781.69285,629499,1757375999999
1757376000000,587.94,590.44,572.94,580.05,350610.789,204156553.56294,571307,1757462399999
1757462400000,580.01,590.70,576.54,580.57,236762.916,137852158.53543,445884,1757548799999
1757548800000,580.57,604.27,575.93,596.33,570486.518,338839877.75374,707953,1757635199999
1757635200000,596.33,601.89,586.87,598.31,223422.212,132795828.20953,368668,1757721599999
1757721600000,598.32,605.53,593.78,598.52,212059.071,127205700.93321,343053,1757807999999
1757808000000,598.51,605.00,588.00,601.13,215616.758,128274156.04546,378973,1757894399999
1757894400000,601.13,605.00,587.50,593.35,303749.199,181054074.72075,508560,1757980799999
1757980800000,593.35,601.70,588.55,598.51,180358.295,107295724.30841,347219,1758067199999
1758067200000,598.52,625.46,590.12,616.43,300033.855,180808074.80507,514084,1758153599999
1758153600000,616.44,650.89,612.06,624.09,505899.077,320448557.54775,741523,1758239999999
1758240000000,624.09,632.08,597.48,600.38,439630.626,268720042.15225,563121,1758326399999
1758326400000,600.39,606.00,592.84,594.30,159930.934,96071291.95927,290705,1758412799999
1758412800000,594.29,601.98,593.17,593.43,102633.623,61266498.19134,244890,1758499199999
1758499200000,593.42,594.64,551.86,566.78,329134.622,188606556.01132,558257,1758585599999
1758585600000,566.75,569.46,553.33,556.44,198256.048,111119524.04592,412165,1758671999999
1758672000000,556.43,563.43,547.36,556.05,163211.441,91020332.28043,360390,1758758399999
1758758400000,556.05,557.16,532.71,536.17,286587.147,156424786.58216,579823,1758844799999
1758844800000,536.20,550.75,534.00,547.82,203178.386,110347719.44657,489881,1758931199999
1758931200000,547.82,547.82,539.30,543.48,94680.746,51447536.18007,217442,1759017599999
1759017600000,543.48,557.95,535.63,555.99,132891.491,72358309.23765,291388,1759103999999
1759104000000,555.99,562.78,549.60,560.63,162375.858,90423995.08240,336722,1759190399999
1759190400000,560.62,562.90,548.98,560.25,151127.363,84032465.33532,328860,1759276799999
1759276800000,560.26,600.56,559.04,592.57,333153.680,194569267.34825,561875,1759363199999
1759363200000,592.57,597.43,580.00,593.98,425638.683,250528324.92333,550618,1759449599999
1759449600000,593.98,615.20,590.32,608.00,321417.051,193462416.09410,499211,1759535999999
1759536000000,608.00,608.79,584.04,589.67,231939.145,137448118.04222,395474,1759622399999
1759622400000,589.67,612.50,587.29,593.99,228477.118,137037939.06274,477246,1759708799999
1759708800000,593.99,606.60,591.68,598.57,168011.097,100787531.96075,397968,1759795199999
1759795200000,598.58,599.83,573.78,576.08,256641.418,150374269.40091,512315,1759881599999
1759881600000,576.09,587.69,572.75,583.02,145867.980,84661937.93126,383658,1759967999999
1759968000000,583.03,593.98,568.00,579.55,255065.606,147479668.36480,502926,1760054399999
1760054400000,579.55,600.99,460.18,512.97,1040715.527,569037355.30367,1571779,1760140799999
1760140800000,512.97,539.72,477.21,499.58,505157.604,260573664.42429,1145854,1760227199999
1760227200000,499.58,545.06,494.97,540.19,345647.830,181136024.03978,793987,1760313599999
1760313600000,540.19,549.14,529.26,546.19,253252.249,137191803.95977,624477,1760399999999
1760400000000,546.20,546.91,507.29,537.72,509960.486,268014752.17203,1088248,1760486399999
1760486400000,537.72,545.91,517.05,521.90,212189.506,112556939.46959,606133,1760572799999
1760572800000,521.89,529.30,500.88,504.46,256626.493,132387956.88864,674067,1760659199999
1760659200000,504.46,510.42,440.66,469.51,582731.787,273353554.29941,1047455,1760745599999
1760745600000,469.51,481.07,461.63,468.02,185198.332,87053151.73881,441273,1760831999999
1760832000000,468.02,478.46,456.36,472.21,233782.221,109508719.44222,523700,1760918399999
1760918400000,472.21,486.02,466.67,478.47,215968.482,103493716.34577,516770,1761004799999
1761004800000,478.47,514.99,463.58,480.50,449354.353,217776316.25960,891545,1761091199999
1761091200000,480.49,484.15,461.65,472.90,297098.069,140719238.37282,665053,1761177599999
1761177600000,472.92,491.30,472.26,479.90,371383.630,179664130.75360,698800,1761263999999
1761264000000,479.90,507.17,478.00,502.98,261655.434,129525338.89552,540694,1761350399999
1761350400000,502.98,512.26,495.60,507.56,205591.263,103829597.97355,431669,1761436799999
1761436800000,507.56,565.10,507.52,558.80,420435.020,227530316.87094,821602,1761523199999
1761523200000,558.85,571.84,552.01,555.27,349336.329,195748557.86969,736299,1761609599999
1761609600000,555.28,570.40,549.39,557.14,373476.350,209064192.78043,902731,1761695999999
1761696000000,557.13,566.00,545.62,555.22,315426.929,175782506.31630,704664,1761782399999
1761782400000,555.23,575.84,526.89,540.80,605914.893,334318425.66513,1135196,1761868799999
1761868800000,540.81,567.96,531.85,534.53,386072.125,212531227.56496,876501,1761955199999
1761955200000,534.53,560.00,530.46,553.67,176932.736,97278398.97580,424711,1762041599999
1762041600000,553.67,555.61,522.14,536.40,315443.152,168998579.74897,572503,1762127999999
1762128000000,536.40,536.67,488.88,505.44,394306.543,204259658.18364,879884,1762214399999
1762214400000,505.45,512.38,459.70,479.73,529643.255,259066368.59582,1163726,1762300799999
1762300800000,479.73,494.22,460.02,488.69,250377.208,120868561.41767,700851,1762387199999
1762387200000,488.68,489.52,463.74,472.53,192082.140,91555383.50304,548355,1762473599999
1762473600000,472.52,524.68,469.86,512.00,505414.665,248385982.77338,1093869,1762559999999
1762560000000,512.01,515.36,485.28,495.40,175585.043,87606564.84737,488772,1762646399999
1762646400000,495.40,506.82,488.29,503.21,167206.172,83081161.87860,460285,1762732799999
1762732800000,503.20,524.00,500.49,517.05,256022.327,131067816.83069,583475,1762819199999
1762819200000,517.06,531.86,503.02,505.29,322530.365,166824685.99303,766023,1762905599999
1762905600000,505.29,531.98,497.79,506.83,282216.641,145857149.20029,763099,1762991999999
1762992000000,506.80,530.80,493.48,508.98,390765.739,201796271.62950,1024429,1763078399999
1763078400000,508.95,517.69,475.29,479.28,419786.942,207341865.26420,1150743,1763164799999
1763164800000,479.31,519.44,478.94,502.10,238230.998,119197100.76924,702126,1763251199999
1763251200000,502.10,504.12,472.14,483.07,222744.963,108683000.47941,655192,1763337599999
1763337600000,483.05,515.50,480.34,490.33,333383.346,166181353.82522,932795,1763423999999
1763424000000,490.35,537.00,475.38,522.72,515371.656,261294269.60799,1374296,1763510399999
1763510400000,522.72,523.11,470.29,486.05,385240.123,189654223.68925,1003864,1763596799999
1763596800000,486.05,513.00,473.48,480.20,467864.874,231212483.61664,1118365,1763683199999
1763683200000,480.19,547.68,446.45,533.33,768936.461,378993740.54739,1983704,1763769599999
1763769600000,533.32,567.80,520.85,556.12,723345.734,393273926.84728,1962736,1763855999999
1763856000000,556.12,558.18,536.05,539.07,431466.524,236033821.45886,1230453,1763942399999
1763942400000,539.06,563.29,536.30,549.03,376850.168,207271711.17555,1041636,1764028799999
1764028800000,549.03,549.71,515.29,526.85,356018.501,187564859.50792,827579,1764115199999
1764115200000,526.85,548.55,522.89,543.28,401186.152,214624057.50238,978803,1764201599999
1764201600000,543.29,551.03,531.08,532.53,184298.714,99439996.37167,497486,1764287999999
1764288000000,532.54,554.24,530.02,548.30,280506.385,151521549.14831,687588,1764374399999
1764374400000,548.30,548.54,517.02,521.11,380862.896,202169312.45389,806019,1764460799999
1764460800000,521.11,562.17,517.50,540.47,420538.239,229013350.93815,976836,1764547199999
1764547200000,540.47,544.50,508.36,522.65,492843.054,257728523.47242,1154585,1764633599999
1764633600000,522.64,558.03,519.42,545.13,433365.428,232542923.42614,945641,1764719999999
1764720000000,545.14,607.21,543.30,590.16,618801.292,361419847.16997,1506776,1764806399999
1764806400000,590.20,598.51,565.94,574.50,343532.517,199932763.32514,851504,1764892799999
1764892800000,574.49,582.99,556.43,559.20,360804.815,206178511.91299,945519,1764979199999
1764979200000,559.21,596.44,557.43,583.16,373214.072,217222457.41406,989300,1765065599999
1765065600000,583.15,604.99,566.47,598.03,469321.350,275254578.20132,1103100,1765151999999
1765152000000,598.03,604.80,574.97,578.77,349755.658,207139000.95251,834067,1765238399999
1765238400000,578.77,592.50,569.53,584.27,335429.732,194623909.22655,755384,1765324799999
1765324800000,584.26,588.43,558.00,572.35,482329.877,274479810.84314,937549,1765411199999
1765411200000,572.35,576.34,551.03,573.93,341390.876,191547407.77293,752007,1765497599999
1765497600000,573.93,588.54,567.26,581.33,328083.191,189950786.98995,840131,1765583999999
1765584000000,581.34,586.44,567.82,579.61,164800.301,95027514.24992,434164,1765670399999
1765670400000,579.61,584.79,553.15,557.84,238364.241,136089222.49695,577719,1765756799999
1765756800000,557.85,573.85,518.35,535.44,383955.619,209274109.32178,878056,1765843199999
1765843200000,535.43,557.40,526.80,545.72,265166.277,143440847.11107,670298,1765929599999
1765929600000,545.72,568.20,540.54,546.18,360522.237,198691781.51638,884184,1766015999999
1766016000000,546.17,578.64,528.00,565.34,721572.012,402879697.91120,1525562,1766102399999
1766102400000,565.34,631.22,556.63,624.29,791594.095,472455249.17799,1498318,1766188799999
1766188800000,624.30,625.49,587.91,591.72,481873.398,289628206.09004,955323,1766275199999
1766275200000,591.71,602.71,576.43,590.76,318910.448,187370483.43629,762898,1766361599999
1766361600000,590.76,598.31,571.72,589.99,428645.300,251173616.91324,971738,1766447999999
1766448000000,590.00,593.42,570.05,572.02,267986.756,155441612.35557,690997,1766534399999
1766534400000,572.03,581.39,563.00,568.31,240035.595,136966570.61098,610807,1766620799999
1766620800000,568.32,600.74,566.17,589.40,368519.172,216651227.21731,741923,1766707199999
1766707200000,589.40,614.87,586.33,594.57,442919.026,266194470.81039,912091,1766793599999
1766793600000,594.56,625.55,592.87,622.90,337901.175,206885843.69698,808430,1766879999999
1766880000000,622.95,638.00,609.66,621.95,426587.531,265109387.67698,911814,1766966399999
1766966400000,621.95,626.91,592.46,598.75,549531.798,335263123.99290,1049262,1767052799999
1767052800000,598.75,607.79,590.33,595.57,226561.736,135740929.96838,608338,1767139199999
1767139200000,595.57,603.16,592.27,599.15,170254.544,101749718.77383,484630,1767225599999
1767225600000,599.15,606.44,583.71,592.87,196215.675,116402500.77522,553773,1767311999999
1767312000000,592.87,618.29,584.76,609.61,403073.430,242503729.58540,874988,1767398399999
1767398400000,609.61,664.00,608.21,654.19,711264.343,453064658.37914,1547326,1767484799999
1767484800000,654.20,662.17,634.56,638.70,559874.869,360530223.83235,1129134,1767571199999
1767571200000,638.71,669.00,638.44,644.95,588892.529,384870723.10079,1335324,1767657599999
1767657600000,644.95,657.39,623.49,637.81,446561.181,284868242.18405,933717,1767743999999
1767744000000,637.81,637.82,621.01,628.91,240429.872,151596165.16837,602696,1767830399999
1767830400000,628.92,653.30,619.48,631.75,503513.448,319992329.23453,1009104,1767916799999
1767916800000,631.74,642.00,625.10,634.37,234009.510,148294123.15753,611249,1768003199999
1768003200000,634.37,649.99,631.00,643.47,192296.073,122993546.12486,448038,1768089599999
1768089600000,643.47,665.11,639.50,648.49,560651.884,365493363.06249,1023197,1768175999999
1768176000000,648.50,660.69,612.80,621.14,647904.433,408877396.52560,1072267,1768262399999
1768262400000,621.15,626.00,605.13,616.65,440566.841,270389040.92358,854450,1768348799999
1768348800000,616.65,618.97,593.00,596.96,515582.965,312107407.57720,879061,1768435199999
1768435200000,596.96,630.56,574.12,590.37,874225.065,527477763.06844,1549000,1768521599999
1768521600000,590.38,606.51,589.08,598.99,378183.522,226263487.87195,733401,1768607999999
1768608000000,599.00,602.20,588.32,593.78,168662.680,100353582.48036,353975,1768694399999
1768694400000,593.79,602.28,587.12,591.12,178752.814,106218013.86925,351785,1768780799999
1768780800000,591.11,594.57,558.00,583.59,317057.658,185363054.08811,634099,1768867199999
1768867200000,583.59,586.80,563.34,572.63,293728.315,168690072.00890,672943,1768953599999
1768953600000,572.62,597.66,569.57,584.38,436343.572,255892664.06679,881844,1769039999999
1769040000000,584.38,603.50,584.10,598.64,228674.291,136187610.46607,540264,1769126399999
1769126400000,598.69,600.99,586.01,595.22,162502.682,96669527.68651,419803,1769212799999
1769212800000,595.23,598.66,590.29,593.21,78615.514,46768150.44826,233276,1769299199999
1769299200000,593.20,595.55,562.00,571.79,185806.090,107493021.13053,439945,1769385599999
1769385600000,571.79,583.07,570.85,578.17,149941.455,86635869.39104,438047,1769471999999
1769472000000,578.17,603.35,577.13,599.74,283872.571,168012172.36545,587929,1769558399999
1769558400000,599.74,601.80,589.00,590.87,186586.674,110873236.48308,464683,1769644799999
1769644800000,590.87,591.13,548.00,553.69,317993.758,179907840.67967,667500,1769731199999
1769731200000,553.70,559.52,533.24,552.92,340095.132,186244149.08349,903922,1769817599999
1769817600000,552.92,553.75,464.65,507.09,564224.571,286713820.93053,1178821,1769903999999
1769904000000,507.08,537.75,505.67,515.84,484381.726,252963003.63524,1301627,1769990399999
1769990400000,515.84,543.85,496.75,539.29,500348.072,261705447.48828,1319021,1770076799999
1770076800000,539.30,542.00,509.19,526.62,390593.348,205735610.91813,1049282,1770163199999
1770163200000,526.61,539.51,514.58,532.13,348183.522,183458847.58621,1030968,1770249599999
1770249600000,532.14,542.32,452.37,453.47,882106.389,438878620.38916,2221413,1770335999999
1770336000000,453.48,543.01,422.50,522.93,1081409.402,516582315.10693,2105377,1770422399999
1770422400000,522.92,539.83,513.75,524.92,500988.726,263093806.12293,1299101,1770508799999
1770508800000,524.93,540.96,516.50,526.64,268017.951,141515193.00803,737055,1770595199999
1770595200000,526.64,537.70,510.70,532.66,251666.866,131979635.02094,813784,1770681599999
1770681600000,532.67,534.24,511.47,524.06,292783.486,152854269.39475,765992,1770767999999
1770768000000,524.05,527.78,506.87,515.72,290791.589,150301472.60740,801359,1770854399999
1770854400000,515.75,520.82,493.40,502.85,246155.014,124765498.94111,704920,1770940799999
1770940800000,502.86,573.45,499.53,563.74,474211.638,256781862.63624,1081224,1771027199999
1771027200000,563.74,572.39,556.56,562.51,265393.376,149680722.34893,640450,1771113599999
1771113600000,562.51,566.06,549.96,553.32,215305.461,120113986.38817,637909,1771199999999
1771200000000,553.29,581.20,551.05,568.73,283584.777,160004204.03285,834651,1771286399999
1771286400000,568.73,577.50,547.48,563.06,250205.206,140743728.19624,756792,1771372799999
1771372800000,563.07,569.89,550.31,557.44,186479.747,104336569.86088,586252,1771459199999
1771459200000,557.43,564.50,538.16,559.92,289704.342,159709103.53495,743098,1771545599999
1771545600000,559.92,570.25,540.60,562.05,373664.833,207923630.57584,863080,1771631999999
1771632000000,562.06,576.22,557.79,563.76,181898.121,103120741.24235,432001,1771718399999
1771718400000,563.77,585.66,559.00,570.37,445577.630,255572947.03187,784342,1771804799999
1771804800000,570.37,570.59,486.64,495.27,759292.535,397048786.71991,1286248,1771891199999
1771891200000,495.27,498.77,470.34,484.20,537637.730,260077639.68972,1228947,1771977599999
1771977600000,484.21,520.30,483.42,492.42,632023.638,318331417.91126,1218683,1772063999999
1772064000000,492.42,505.38,476.14,477.99,314338.652,154820418.52964,795749,1772150399999
1772150400000,478.00,491.99,454.76,461.16,345798.083,163594357.53202,814659,1772236799999
1772236800000,461.17,468.10,439.29,457.16,529737.528,238583335.33440,1264932,1772323199999
1772323200000,457.15,466.41,431.47,441.26,380889.511,170179898.70802,935313,1772409599999
1772409600000,441.26,454.19,435.59,444.76,400321.807,177937250.35634,1015766,1772495999999
1772496000000,444.75,449.75,432.01,443.52,280232.259,123389854.41520,782971,1772582399999
1772582400000,443.50,476.54,438.82,466.62,427354.669,196083263.28095,970356,1772668799999
1772668800000,466.62,467.50,453.81,461.29,243924.926,112274757.68232,587626,1772755199999
1772755200000,461.29,463.12,441.80,449.29,237590.020,107252549.03641,526926,1772841599999
1772841600000,449.29,453.80,445.47,449.81,144168.176,64828753.43038,320135,1772927999999
1772928000000,449.81,455.15,440.06,442.76,150779.155,67403713.17455,403294,1773014399999
1773014400000,442.76,456.55,442.58,444.25,265900.706,119319527.03703,624916,1773100799999
1773100800000,444.25,453.87,442.06,446.68,257107.794,115064788.51650,606586,1773187199999
1773187200000,446.68,461.33,445.25,454.82,280887.128,127414981.55450,530237,1773273599999
1773273600000,454.82,461.15,451.49,454.99,147402.570,67175032.25181,386029,1773359999999
1773360000000,454.98,476.17,454.49,460.62,412846.713,192612586.58905,687241,1773446399999
1773446400000,460.61,468.20,453.88,467.30,177940.766,81913483.03225,340236,1773532799999
1773532800000,467.32,470.20,458.79,469.34,206910.001,96161236.36328,404564,1773619199999
1773619200000,469.34,483.58,464.86,478.58,247409.932,117410468.23584,536743,1773705599999
1773705600000,478.57,480.87,469.81,470.33,145295.507,68989517.83353,359117,1773791999999
1773792000000,470.33,472.36,446.08,456.54,216286.625,99105218.23833,461283,1773878399999
1773878400000,456.56,460.06,449.27,455.29,156583.092,71334057.47264,382279,1773964799999